model,regime,directional_accuracy,sharpe_ratio,rmse,mae,r2_score,mape,max_drawdown,calmar_ratio,directional_accuracy_ci_lower,directional_accuracy_ci_upper,n_test
all_features,covid_crash,0.53125,1.6362975745491908,0.053000291161198594,0.038408444048957886,0.07263473883078109,1.8466007147741357,-0.4661428309916866,5.936772940791712,0.4453125,0.6171875,128
all_features,current_bull,0.43731778425655976,-1.112274835788604,0.02001690391209108,0.016347682400160816,-0.5374742645688588,2654.40209228702,-0.6648014924551983,-0.6723593190190579,0.38768221574344025,0.4869533527696792,343
all_features,gfc_recovery,0.46234676007005254,-0.7514559821981289,0.043046650186720194,0.034306900919071244,-1.0370775263098362,5885.312221027441,-0.9658658427538352,-0.6281902920394288,0.4343257443082312,0.4903896672504378,1142
all_features,pre_demonetisation,0.5606469002695418,0.36050966525649747,0.022355107473996567,0.01678354250807675,-0.11415729453680457,3349.7942403347,-0.3927169499141936,0.6523866497445999,0.5094339622641509,0.6091644204851752,371
all_features,rate_hike_rbi,0.45103092783505155,-1.2429808768182462,0.022923755499022782,0.01791361508353187,-0.1657589018498371,2596.1505116057306,-0.702931452324968,-0.9461500019852844,0.40463917525773196,0.49742268041237114,388
all_features,recovery_covid,0.5106382978723404,-0.340872239887987,0.040963429609827705,0.02273905280554446,-0.12357333558731343,1.5680548505609553,-0.5899685913733608,-0.27348031350170005,0.45095744680851063,0.574468085106383,235
all_features,recovery_india,0.4933530280649926,0.3997644586021094,0.020339142384048017,0.016205941518576364,-0.20394474972651633,3146.8229705408557,-0.5097240084883398,0.5165460528291448,0.4534711964549483,0.5302806499261448,677
buy_and_hold,covid_crash,0.4921875,-0.7942142198998556,0.057100289968951015,0.039414559603873627,-0.07639318602112088,2.2653229396530934,-0.8919181100230582,-1.47252264450821,0.40625,0.578125,128
buy_and_hold,current_bull,0.6005830903790087,1.7090274295530177,0.017474367976334632,0.013327167328164037,-0.17170153765968332,2918.593908776771,-0.2970496514892119,2.8086171505203783,0.5451895043731778,0.6502186588921282,343
buy_and_hold,gfc_recovery,0.5455341506129597,0.7773584321734853,0.030999799029416332,0.023443867287443767,-0.056444270261099216,3504.602056518044,-0.8078704717156784,0.8841740445773376,0.5166374781085814,0.574430823117338,1142
buy_and_hold,pre_demonetisation,0.5849056603773585,1.9767491869864509,0.02177591193656704,0.017005911175845725,-0.05717208487980696,10784.37605401383,-0.5304855601766685,2.344770014190475,0.5336927223719676,0.6361185983827493,371
buy_and_hold,rate_hike_rbi,0.5824742268041238,0.38451368336819064,0.023016237645666168,0.01742665794649309,-0.17518400328546124,2580.018938275942,-0.5874634198431385,0.47766881326960997,0.5360824742268041,0.634020618556701,388
buy_and_hold,recovery_covid,0.6085106382978723,2.4183335872359555,0.038656838763919274,0.02165269495907536,-0.0006022506106257985,2.0844467696318563,-0.35252750959395507,7.826319067993804,0.5404255319148936,0.6680851063829787,235
buy_and_hold,recovery_india,0.6026587887740029,1.0001418997993567,0.020083143161494302,0.014976181624402275,-0.17382850649849435,2957.1888032464417,-0.514127108218943,1.113425065145343,0.5672082717872969,0.638109305760709,677
granger_only,covid_crash,0.53125,2.0248104396493907,0.05479917546883449,0.04098218663776163,0.008614961719343839,2.440867488463553,-0.5878764392704372,5.7273817951431,0.453125,0.6171875,128
granger_only,current_bull,0.48104956268221577,-0.1724508169608013,0.017571641111379235,0.014169666227051764,-0.18478267569488183,512.769387478157,-0.6425657465962392,-0.0385068857891908,0.42857142857142855,0.5335276967930029,343
granger_only,gfc_recovery,0.5192644483362522,-0.15453081806647753,0.041365966586411784,0.03299849245728731,-0.8811143177228775,7033.707536001646,-0.7850203715542332,-0.08047466271885616,0.4886164623467601,0.5490367775831874,1142
granger_only,pre_demonetisation,0.5013477088948787,-0.59027971151707,0.021823667920491226,0.016480570075384466,-0.06181406296013936,1513.240069610817,-0.6080053756004083,-0.42850108309776647,0.4501347708894879,0.555256064690027,371
granger_only,rate_hike_rbi,0.5025773195876289,0.11719901252300273,0.022253578021509443,0.01718773388360882,-0.09859318909858983,1594.5861474583392,-0.5300128706550934,0.233827228210296,0.45618556701030927,0.551610824742268,388
granger_only,recovery_covid,0.4851063829787234,-1.4170259876009228,0.04378440674605345,0.024469633937572375,-0.2836533037188278,1.6195257043196296,-0.8648605847291351,-1.7511834098843735,0.41702127659574467,0.548936170212766,235
granger_only,recovery_india,0.48005908419497784,0.3619416867518638,0.02411660578891963,0.0197113395936396,-0.6926752841432866,6009.506208149512,-0.6684915418080217,0.360211477022768,0.4431314623338257,0.515546528803545,677
mean_reversion,covid_crash,0.4375,-1.8482119527693326,0.05811254785552142,0.03982069246195449,-0.11489545781527899,2.2851068424212544,-0.8747697248076092,-3.1812325484457022,0.359375,0.5234375,128
mean_reversion,current_bull,0.45481049562682213,-0.22932127176976258,0.01929737694959914,0.015810406396503437,-0.4289288567331,2918.8173735151504,-0.43916843101318903,-0.0235559700314198,0.40233236151603496,0.5073615160349854,343
mean_reversion,gfc_recovery,0.4912434325744308,0.28006144005278594,0.0315777529506104,0.024238896641577686,-0.09620374328620995,3504.6760722299846,-0.6931150728227932,0.3730904854571434,0.46322241681260945,0.5201401050788091,1142
mean_reversion,pre_demonetisation,0.5202156334231806,1.1803748009808879,0.022855678149070136,0.01823014248484753,-0.16461185664524258,10784.435610613265,-0.3707112933475446,1.7173780251103827,0.46630727762803237,0.5714285714285714,371
mean_reversion,rate_hike_rbi,0.4742268041237113,-0.6450583537826846,0.023891348694150702,0.018864075681350772,-0.266247318838547,2580.190828065249,-0.6489361686658467,-0.36461031120131154,0.422680412371134,0.520618556701031,388
mean_reversion,recovery_covid,0.5106382978723404,1.5082224407155935,0.03975736434434989,0.023816605947312275,-0.058385728605470755,2.190225166793345,-0.40428888570817756,4.134797395898598,0.451063829787234,0.574468085106383,235
mean_reversion,recovery_india,0.5051698670605613,0.7939380522671977,0.0203946259659927,0.016342448138460315,-0.2105222422632611,2957.374743825054,-0.3472263071824091,1.1910951860677315,0.46824224519940916,0.5435745937961596,677
momentum,covid_crash,0.5625,1.7354115607510303,0.05417883944406566,0.03814791614787909,0.030933215307119455,2.2007913949384443,-0.40521287991992344,6.867614675779287,0.4765625,0.640625,128
momentum,current_bull,0.5451895043731778,-0.17547264858890407,0.01925478349781341,0.015058185744289361,-0.4226279129665862,2918.627619584926,-0.5028590532106798,0.020572441390168502,0.4926384839650146,0.597667638483965,343
momentum,gfc_recovery,0.5087565674255692,-0.5519527485303511,0.03222113048148008,0.024221790380348114,-0.14132776536520075,3504.61575394464,-0.8762907333257944,-0.2951014191553442,0.4798598949211909,0.5367775831873906,1142
momentum,pre_demonetisation,0.4797843665768194,-1.5722184938921424,0.024968736572199036,0.019161938058707455,-0.3899082048876019,10784.43836145049,-0.7230176333282874,-0.8805475821171974,0.42857142857142855,0.5336927223719676,371
momentum,rate_hike_rbi,0.5257731958762887,0.30932699635984434,0.023091981013390588,0.01836551743902254,-0.18293147786707387,2580.103064778234,-0.509626069523624,0.46427926779376233,0.4793814432989691,0.5773195876288659,388
momentum,recovery_covid,0.48936170212765956,-1.6588786103987991,0.0429649823367748,0.024219439210080212,-0.23605580560258366,2.1542401842743866,-0.871786226044585,-1.9175029174313047,0.425531914893617,0.548936170212766,235
momentum,recovery_india,0.4948301329394387,-1.1933738329916816,0.021945120668242012,0.016948840834559525,-0.40157786588587463,2957.336740662875,-0.7337530765752766,-0.5636495384678817,0.4564254062038405,0.5317577548005908,677
pcmci_selected,covid_crash,0.4296875,-0.7014687289179009,0.05638489339583989,0.03994991534044897,-0.049590375782188056,2.9136374557542224,-0.7577227416694264,-0.9254390934965278,0.34375,0.515625,128
pcmci_selected,current_bull,0.5947521865889213,1.506033315915633,0.01607001159877169,0.01277013656378152,0.009062128416488568,785.4181021909101,-0.2970496514892119,2.4386356282562063,0.5393586005830904,0.641472303206997,343
pcmci_selected,gfc_recovery,0.4921190893169877,0.023632639930249343,0.03366986217261045,0.025795630122763535,-0.24626819697901325,4359.855319967949,-0.7874251655520699,0.13283938882344154,0.46322241681260945,0.521015761821366,1142
pcmci_selected,pre_demonetisation,0.5902964959568733,2.066857120345309,0.02133126767235927,0.016323636654831837,-0.014439881451457248,1361.003589640704,-0.5068417126266787,2.5420926943601185,0.5363881401617251,0.6415094339622641,371
pcmci_selected,rate_hike_rbi,0.49742268041237114,-0.231607791893375,0.021559814942258466,0.01711865303247733,-0.031162860565901118,16.368161442229336,-0.39769648579152844,-0.018313918670309442,0.4458118556701031,0.5489690721649485,388
pcmci_selected,recovery_covid,0.4851063829787234,1.1361550010522605,0.04094962772665221,0.023847149991065797,-0.12281632790550834,1.7156254342740829,-0.37343709079185644,2.621311165170744,0.425531914893617,0.5446808510638298,235
pcmci_selected,recovery_india,0.6070901033973413,1.0585694627248108,0.018853540678729942,0.01402928800342381,-0.03449198120377539,1300.7518730076933,-0.4004390204210762,1.4715256728075063,0.5701624815361891,0.6454948301329394,677
random,covid_crash,0.5078125,0.3703868706152961,0.05580561756290541,0.03892076628723384,-0.028135013667683673,2.2335948860664776,-0.4750039834212257,1.1125170686925525,,,128
random,current_bull,0.5247813411078717,0.6628714006002204,0.01857635768125649,0.014895265119796547,-0.32414387335056727,2918.6915099071743,-0.13617874375726796,2.4506900052643616,,,343
random,gfc_recovery,0.4991243432574431,-0.22328516183748656,0.03182629565251488,0.024217422663911532,-0.11352769006297847,3504.6530713389666,-0.7854081726816813,0.07643937297365819,,,1142
random,pre_demonetisation,0.49326145552560646,-0.9926752995210085,0.02415310155307482,0.018929663436629975,-0.30058517272121055,10784.431286062132,-0.3793325533562032,-0.34752155151736797,,,371
random,rate_hike_rbi,0.5103092783505154,-0.7147014185619229,0.023582417536678855,0.018401475608732367,-0.23371218455393716,2580.115327500915,-0.38909675240319685,-0.13316902837511127,,,388
random,recovery_covid,0.5148936170212766,1.0577237787099643,0.04062053521326265,0.023161094767699376,-0.10484177337324052,2.202653184664269,-0.4508082308785324,1.7689703149185618,,,235
random,recovery_india,0.4874446085672083,-0.9182975092934635,0.02134312477695146,0.016949014296277574,-0.3257367360075176,2957.3694258697337,-0.3758476931312725,-0.22677224362146536,,,677
